


    <suite name="suit1"  parallel="tests"  thread-count ="2">

        <test name="test1">
            <parameter name="username" value="technostudy_grup6@gmail.com"></parameter>
            <parameter name="password" value="123456"></parameter>

            <classes>
               <class name="Proje_testNG.Task1"></class>
                <class name="Proje_testNG.Task2"></class>

            </classes>
        </test>





</suite>



        <!-- bu  M1W2D1_G6_Parameter._4_searchFunctionality_Firefox  dosyasında  aşagıdaki parameter uzantı yok.
         <parameter name="browser"  value="firefox"></parameter>
Ama extends yaptıgı yerde oldugu için otomatik aldı ve yönlendirildi...

Aynı Test metodu için; Birden çok parameter ile çalışılabilir.

Bir testin içinde direk yer almanyan  metodlara da parameter atanabilir ve
bunlar class da varmış gibi metod uzerinden yönlendirilerek çalıştırılır.
Belki tools un içine parameter de konabilir.



        -->
